{
  "project_info": {
    "project_number": "1018138023989",
    "firebase_url": "https://racker-7c7c3.firebaseio.com",
    "project_id": "racker-7c7c3",
    "storage_bucket": "racker-7c7c3.appspot.com"
  },
  "client": [
    {
      "client_info": {
        "mobilesdk_app_id": "1:1018138023989:android:9c4038d97a6eb1101e397c",
        "android_client_info": {
          "package_name": "com.techv.coaapp"
        }
      },
      "oauth_client": [
        {
          "client_id": "1018138023989-bipkp7oh643kjm3mlofbup7ogdofumhp.apps.googleusercontent.com",
          "client_type": 3
        }
      ],
      "api_key": [
        {
          "current_key": "AIzaSyAgMjcdSo-tIPur0abhDshj7SX2E1hbmeE"
        }
      ],
      "services": {
        "appinvite_service": {
          "other_platform_oauth_client": [
            {
              "client_id": "1018138023989-bipkp7oh643kjm3mlofbup7ogdofumhp.apps.googleusercontent.com",
              "client_type": 3
            },
            {
              "client_id": "1018138023989-0djtqjbkjnbvqcb9taoeldjqc4t7ov19.apps.googleusercontent.com",
              "client_type": 2,
              "ios_info": {
                "bundle_id": "com.techv.coaapp"
              }
            }
          ]
        }
      }
    }
  ],
  "configuration_version": "1"
}