{
  "project_info": {
    "project_number": "18768796958",
    "firebase_url": "https://funding-91fac.firebaseio.com",
    "project_id": "funding-91fac",
    "storage_bucket": "funding-91fac.appspot.com"
  },
  "client": [
    {
      "client_info": {
        "mobilesdk_app_id": "1:18768796958:android:da1e9ab8c3e4f44903fd0f",
        "android_client_info": {
          "package_name": "com.techv.funding"
        }
      },
      "oauth_client": [
        {
          "client_id": "18768796958-3kgjsc91ing49qa27psba0l5kg1hce0s.apps.googleusercontent.com",
          "client_type": 3
        }
      ],
      "api_key": [
        {
          "current_key": "AIzaSyD2gOkHfEaKwXDJEzoFnT9EtsLpHadPIaM"
        }
      ],
      "services": {
        "appinvite_service": {
          "other_platform_oauth_client": [
            {
              "client_id": "18768796958-3kgjsc91ing49qa27psba0l5kg1hce0s.apps.googleusercontent.com",
              "client_type": 3
            },
            {
              "client_id": "18768796958-9v8k9pmh7kjfmrm56a04j17u82u8fj4m.apps.googleusercontent.com",
              "client_type": 2,
              "ios_info": {
                "bundle_id": "com.techv.funding"
              }
            }
          ]
        }
      }
    }
  ],
  "configuration_version": "1"
}